[
    {
        "type": "revenu",
        "montant": 2500,
        "description": "Salaire mensuel"
    },
    {
        "type": "depense",
        "montant": 600,
        "description": "Loyer"
    },
    {
        "type": "depense",
        "montant": 150,
        "description": "Courses alimentaires"
    },
    {
        "type": "depense",
        "montant": 700,
        "description": "Remboursement prêt auto"
    },
    {
        "type": "revenu",
        "montant": 50,
        "description": "Intérêts bancaires"
    }
]

